Price,Close,High,Low,Open,Volume,Return,MA20,MA50,MA200,Volatility21
Ticker,^NSEI,^NSEI,^NSEI,^NSEI,^NSEI,,,,,
Date,,,,,,,,,,
2024-10-23,24435.5,24604.25,24378.099609375,24378.150390625,284600,-0.001495564743491773,25173.7173828125,25122.1009375,23346.332197265627,0.1190735685784349
2024-10-24,24399.400390625,24480.650390625,24341.19921875,24412.69921875,216700,-0.0014773427748562273,25093.4798828125,25127.3089453125,23359.619697265625,0.11872735222082874
2024-10-25,24180.80078125,24440.25,24073.900390625,24418.05078125,372600,-0.008959220549493163,24991.7173828125,25128.0499609375,23372.194697265626,0.11884083552161588
2024-10-28,24339.150390625,24492.599609375,24134.900390625,24251.099609375,278600,0.0065485676346082045,24899.72744140625,25124.0099609375,23386.303701171873,0.11699151907315436
2024-10-29,24466.849609375,24484.5,24140.849609375,24328.849609375,332000,0.0052466588480091225,24832.52744140625,25121.8939453125,23400.344951171875,0.12070807450763162
2024-10-30,24340.849609375,24498.19921875,24307.30078125,24371.44921875,285200,-0.005149825253829232,24759.72490234375,25114.7339453125,23413.4951953125,0.11437525508822165
2024-10-31,24205.349609375,24372.44921875,24172.599609375,24349.849609375,287000,-0.005566773640794054,24707.48740234375,25103.436953125,23426.956943359375,0.11446954348224797
2024-11-01,24304.349609375,24368.25,24280.19921875,24302.75,38800,0.004090004961616156,24671.97490234375,25093.2939453125,23440.754443359376,0.09582755172853526
2024-11-04,23995.349609375,24316.75,23816.150390625,24315.75,285500,-0.0127137736646451,24631.9548828125,25076.7379296875,23452.6376953125,0.09981545264292735
2024-11-05,24213.30078125,24229.05078125,23842.75,23916.5,289500,0.00908305881860727,24591.96240234375,25060.791953125,23465.468203125,0.1035771467197451
2024-11-06,24484.05078125,24537.599609375,24204.05078125,24308.75,351100,0.011181870759630508,24567.06748046875,25050.11796875,23478.415703125,0.10676687848839711
2024-11-07,24199.349609375,24503.349609375,24179.05078125,24489.599609375,322200,-0.011628025706147627,24527.1125,25033.05796875,23488.925205078125,0.1129513984750195
2024-11-08,24148.19921875,24276.150390625,24066.650390625,24207.69921875,298700,-0.002113709312467793,24486.3099609375,25012.98296875,23499.504697265624,0.11269432416522553
2024-11-11,24141.30078125,24336.80078125,24004.599609375,24087.25,273400,-0.00028567088740283353,24436.9775390625,24991.0909765625,23512.351455078126,0.11278744395037985
2024-11-12,23883.44921875,24242.0,23839.150390625,24225.80078125,255800,-0.010680930776533315,24378.28251953125,24963.1859765625,23524.457451171875,0.11294231673435877
2024-11-13,23559.05078125,23873.599609375,23509.599609375,23822.44921875,304600,-0.013582562322921432,24307.67001953125,24928.77,23534.140703125,0.11942396990679664
2024-11-14,23532.69921875,23675.900390625,23484.150390625,23542.150390625,257700,-0.0011185324376894457,24246.8125,24895.45,23545.6101953125,0.11956395098716234
2024-11-18,23453.80078125,23606.80078125,23350.400390625,23605.30078125,263300,-0.0033527151631265184,24176.8,24861.6240234375,23555.609453125,0.11754315774057368
2024-11-19,23518.5,23780.650390625,23464.80078125,23529.55078125,297500,0.002758581406631766,24113.67001953125,24834.951015625,23566.438955078123,0.11659783686787559
2024-11-21,23349.900390625,23507.30078125,23263.150390625,23488.44921875,420300,-0.007168807933116472,24057.56005859375,24803.221015625,23574.500458984374,0.11766815773442599
2024-11-22,23907.25,23956.099609375,23359.0,23411.80078125,367600,0.023869464111237804,24031.14755859375,24780.5440234375,23586.4262109375,0.14435967147847295
2024-11-25,24221.900390625,24351.55078125,24135.44921875,24253.55078125,687200,0.013161295867362366,24022.27255859375,24766.613046875,23598.907216796873,0.15251626071193575
2024-11-26,24194.5,24343.30078125,24125.400390625,24343.30078125,230700,-0.0011312238174179257,24022.95751953125,24742.7250390625,23611.392470703126,0.15248942786380448
2024-11-27,24274.900390625,24354.55078125,24145.650390625,24204.80078125,295000,0.003323085437806128,24019.74501953125,24721.093046875,23623.49796875,0.1496696445400266
2024-11-28,23914.150390625,24345.75,23873.349609375,24274.150390625,366700,-0.014861029054492936,23992.11005859375,24691.7010546875,23634.210224609375,0.1564957082623753
2024-11-29,24131.099609375,24188.44921875,23927.150390625,23927.150390625,282100,0.009072001940535257,23981.62255859375,24665.95203125,23645.218720703124,0.15889826600831622
2024-12-02,24276.05078125,24301.69921875,24008.650390625,24140.849609375,220400,0.006006820004948565,23985.1576171875,24643.92203125,23656.946474609376,0.15958071265951787
2024-12-03,24457.150390625,24481.349609375,24280.0,24367.5,339500,0.007460011144599932,23992.79765625,24624.7490234375,23670.64248046875,0.16031484092135423
2024-12-04,24467.44921875,24573.19921875,24366.30078125,24488.75,348000,0.00042109681465385407,24016.40263671875,24598.2790234375,23684.0672265625,0.15979451335826503
2024-12-05,24708.400390625,24857.75,24295.55078125,24539.150390625,361500,0.009847825562885104,24041.1576171875,24573.666015625,23699.528974609377,0.15558172421500352
2024-12-06,24677.80078125,24751.05078125,24620.5,24729.44921875,226700,-0.0012384293961259507,24050.8451171875,24548.4140234375,23714.201728515625,0.15328525876584978
2024-12-09,24619.0,24705.0,24580.05078125,24633.900390625,248100,-0.0023827399277279726,24071.82763671875,24520.711015625,23728.096474609374,0.14901898086167312
2024-12-10,24610.05078125,24677.80078125,24510.650390625,24652.650390625,261000,-0.0003635086213900074,24094.92021484375,24488.591015625,23741.592978515626,0.14262659352163698
2024-12-11,24641.80078125,24691.75,24583.849609375,24620.5,187300,0.0012901233029631864,24119.94521484375,24457.848046875,23754.598486328126,0.142225235772843
2024-12-12,24548.69921875,24675.25,24527.94921875,24604.44921875,266100,-0.003778196379659149,24153.20771484375,24432.6050390625,23766.730732421875,0.14313535400043287
2024-12-13,24768.30078125,24792.30078125,24180.80078125,24498.349609375,310100,0.008945547808588916,24213.67021484375,24412.033046875,23779.587490234375,0.13933445084088977
2024-12-16,24668.25,24781.25,24601.75,24753.400390625,187600,-0.004039468921733236,24270.44775390625,24400.3960546875,23792.653486328127,0.12967177150215026
2024-12-17,24336.0,24624.099609375,24303.44921875,24584.80078125,264900,-0.013468730047733413,24314.55771484375,24386.8240625,23803.246240234374,0.14030549319578503
2024-12-18,24198.849609375,24394.44921875,24149.849609375,24297.94921875,235300,-0.005635699812006956,24348.5751953125,24374.8860546875,23813.1769921875,0.1415458356443765
2024-12-19,23951.69921875,24004.900390625,23870.30078125,23877.150390625,271100,-0.010213311567061067,24378.66513671875,24353.65703125,23822.325234375,0.14714685565073699
2024-12-20,23587.5,24065.80078125,23537.349609375,23960.69921875,442700,-0.01520556915080562,24362.67763671875,24325.768046875,23829.270986328123,0.1551241513442507
2024-12-23,23753.44921875,23869.55078125,23647.19921875,23738.19921875,189800,0.0070354729729729115,24339.255078125,24300.868046875,23838.28248046875,0.1325220396543778
2024-12-24,23727.650390625,23867.650390625,23685.150390625,23769.099609375,177700,-0.0010861087115143775,24315.91259765625,24276.1360546875,23847.006728515626,0.12318363010327105
2024-12-26,23750.19921875,23854.5,23653.599609375,23775.80078125,177700,0.0009503186263191132,24289.6775390625,24248.5810546875,23854.063974609377,0.1233564933243484
2024-12-27,23813.400390625,23938.849609375,23800.599609375,23801.400390625,176800,0.002661079652128029,24284.6400390625,24223.7020703125,23861.102978515624,0.12309512492429442
2024-12-30,23644.900390625,23915.349609375,23599.30078125,23796.900390625,364900,-0.007075847935867907,24260.330078125,24197.1740625,23867.5459765625,0.11462018053410873
2024-12-31,23644.80078125,23689.849609375,23460.44921875,23560.599609375,193600,-4.212721278373799e-06,24228.767578125,24175.0730859375,23873.3997265625,0.10924177575880274
2025-01-01,23742.900390625,23822.80078125,23562.80078125,23637.650390625,154900,0.004148887118253564,24193.055078125,24152.850078125,23879.646474609373,0.10793350437123674
2025-01-02,24188.650390625,24226.69921875,23751.55078125,23783.0,283200,0.018774033191665485,24179.11513671875,24141.00109375,23888.926474609376,0.12493085919107053
2025-01-03,24004.75,24196.44921875,23976.0,24196.400390625,312300,-0.007602755327609123,24143.9326171875,24131.6541015625,23897.271728515625,0.12725900442965726
2025-01-06,23616.05078125,24089.94921875,23551.900390625,24045.80078125,278100,-0.016192595996625703,24090.8451171875,24115.2651171875,23905.363486328126,0.13150478153771117
2025-01-07,23707.900390625,23795.19921875,23637.80078125,23679.900390625,262300,0.0038892874268343647,24045.29013671875,24101.4351171875,23913.169736328124,0.13312666497505438
2025-01-08,23688.94921875,23751.849609375,23496.150390625,23746.650390625,266400,-0.0007993610384197103,23999.23505859375,24091.5980859375,23921.497734375,0.1331634134259507
2025-01-09,23526.5,23689.5,23503.05078125,23674.75,269200,-0.006857594959147506,23943.47001953125,24075.345078125,23928.85173828125,0.13417793534533914
2025-01-10,23431.5,23596.599609375,23344.349609375,23551.900390625,261000,-0.004037999702463213,23887.61005859375,24054.6380859375,23936.9219921875,0.13374656839265706
2025-01-13,23085.94921875,23340.94921875,23047.25,23195.400390625,316500,-0.014747275302477436,23803.49248046875,24029.540078125,23943.156240234373,0.1404406627353179
2025-01-14,23176.05078125,23264.94921875,23134.150390625,23165.900390625,311200,0.003902874499386977,23728.88251953125,24008.9541015625,23948.976748046876,0.13610837941083076
2025-01-15,23213.19921875,23293.650390625,23146.44921875,23250.44921875,228000,0.0016028803979861728,23672.74248046875,23987.13109375,23954.558994140625,0.13703050814420378
2025-01-16,23311.80078125,23391.650390625,23272.05078125,23377.25,299400,0.004247650725383689,23628.3900390625,23973.4601171875,23961.094501953125,0.1334369744762128
2025-01-17,23203.19921875,23292.099609375,23100.349609375,23277.099609375,272900,-0.004658651792672774,23590.9650390625,23953.2580859375,23966.49224609375,0.1331452330881382
2025-01-20,23344.75,23391.099609375,23170.650390625,23290.400390625,301500,0.006100485537167577,23578.8275390625,23930.4720703125,23971.581494140624,0.13240265442341984
2025-01-21,23024.650390625,23426.30078125,22976.849609375,23421.650390625,312900,-0.013711845677293555,23542.38759765625,23906.9780859375,23974.39474609375,0.1304975210163908
2025-01-22,23155.349609375,23169.55078125,22981.30078125,23099.150390625,276000,0.0056764909144164655,23513.77255859375,23887.12109375,23977.904990234376,0.12950894013403408
2025-01-23,23205.349609375,23270.80078125,23090.650390625,23128.30078125,275600,0.0021593282262408753,23486.530078125,23868.4020703125,23981.758486328126,0.13002613430933463
2025-01-24,23092.19921875,23347.30078125,23050.0,23183.900390625,264300,-0.004876047658393667,23450.47001953125,23852.5770703125,23984.64623046875,0.13047521123915048
2025-01-27,22829.150390625,23007.44921875,22786.900390625,22940.150390625,257400,-0.011391241935562957,23409.68251953125,23837.9790625,23986.223486328126,0.1341230617710362
2025-01-28,22957.25,23137.94921875,22857.650390625,22960.44921875,361900,0.005611229817278129,23375.30498046875,23826.470078125,23987.678232421877,0.13523829904265258
2025-01-29,23163.099609375,23183.349609375,22976.5,23026.75,226300,0.008966649288351114,23346.31494140625,23820.6560546875,23990.27998046875,0.139870773262671
2025-01-30,23249.5,23322.05078125,23139.19921875,23169.5,361900,0.003730087599762788,23299.357421875,23815.2760546875,23992.7584765625,0.13968608796017112
2025-01-31,23508.400390625,23546.80078125,23277.400390625,23296.75,304900,0.011135740150325812,23274.53994140625,23818.4460546875,23997.7034765625,0.1281144877515555
2025-02-01,23482.150390625,23632.44921875,23318.30078125,23528.599609375,281000,-0.0011166221250199504,23267.844921875,23809.9440625,24003.751728515625,0.12606456195497284
2025-02-03,23361.05078125,23381.599609375,23222.0,23319.349609375,329700,-0.005157091976693451,23250.50244140625,23792.7270703125,24009.81748046875,0.11460163766761003
2025-02-04,23739.25,23762.75,23423.150390625,23509.900390625,376700,0.016189306820631133,23253.01748046875,23783.6220703125,24018.534482421874,0.12769899263637166
2025-02-05,23696.30078125,23807.30078125,23680.44921875,23801.75,267000,-0.001809207062143936,23261.50751953125,23772.050078125,24026.280986328125,0.127835826269359
2025-02-06,23603.349609375,23773.55078125,23556.25,23761.94921875,307000,-0.003922602634608197,23270.1,23765.8340625,24032.615732421877,0.12623307974825318
2025-02-07,23559.94921875,23694.5,23443.19921875,23649.5,368100,-0.0018387386257991967,23293.8,23754.4110546875,24038.575478515624,0.1255339110760038
2025-02-10,23381.599609375,23568.599609375,23316.30078125,23543.80078125,234200,-0.007570033692307909,23304.07744140625,23736.52203125,24043.471474609374,0.11686380080142823
2025-02-11,23071.80078125,23390.05078125,22986.650390625,23383.55078125,268000,-0.013249684936046169,23297.00751953125,23708.8150390625,24045.97873046875,0.125593893156232
2025-02-12,23045.25,23144.69921875,22798.349609375,23050.80078125,279700,-0.0011507892904301098,23283.67998046875,23680.3710546875,24049.105234375,0.12546219786597645
2025-02-13,23031.400390625,23235.5,22992.19921875,23055.75,265700,-0.0006009745771905495,23275.0900390625,23646.8310546875,24051.045234375,0.12435941540775236
2025-02-14,22929.25,23133.69921875,22774.849609375,23096.44921875,254500,-0.004435266153706374,23254.3150390625,23611.8600390625,24052.667236328125,0.12426872684426601
2025-02-17,22959.5,22974.19921875,22725.44921875,22809.900390625,207400,0.0013192755977626813,23251.05751953125,23578.6700390625,24054.223740234374,0.1221368148491527
2025-02-18,22945.30078125,22992.5,22801.5,22963.650390625,210600,-0.0006184463402948426,23240.555078125,23545.3750390625,24056.57099609375,0.11270504369687205
2025-02-19,22932.900390625,23049.94921875,22814.849609375,22847.25,207000,-0.0005404326900405598,23226.9326171875,23511.19703125,24059.022001953126,0.11070191945007728
2025-02-20,22913.150390625,22923.849609375,22812.75,22821.099609375,240800,-0.0008612081186238907,23217.98017578125,23478.4860546875,24062.07525390625,0.11030328213882619
2025-02-21,22795.900390625,22921.0,22720.30078125,22857.19921875,242800,-0.005117148798882476,23216.31767578125,23439.038046875,24064.542255859375,0.11042468722811456
2025-02-24,22553.349609375,22668.05078125,22518.80078125,22609.349609375,214300,-0.010640105330068539,23196.12265625,23396.7400390625,24067.52150390625,0.10952608231638368
2025-02-25,22547.55078125,22625.30078125,22513.900390625,22516.44921875,250300,-0.00025711604818956513,23165.34521484375,23360.9710546875,24069.98326171875,0.10722494035545835
2025-02-27,22545.05078125,22613.30078125,22508.400390625,22568.94921875,289200,-0.00011087678764998277,23130.12275390625,23327.895078125,24072.18826171875,0.10121136288862702
2025-02-28,22124.69921875,22450.349609375,22104.849609375,22433.400390625,551300,-0.018644959666695105,23060.9376953125,23291.355078125,24071.722509765626,0.11590270945298957
2025-03-03,22119.30078125,22261.55078125,22004.69921875,22194.55078125,282400,-0.00024400049223838316,22992.79521484375,23261.99109375,24071.316259765626,0.10547484177061461
2025-03-04,22082.650390625,22105.05078125,21964.599609375,21974.44921875,253300,-0.0016569416451024388,22928.8751953125,23228.5751171875,24069.710263671874,0.10537790236670704
2025-03-05,22337.30078125,22394.900390625,22067.80078125,22073.05078125,305900,0.011531695069225467,22858.777734375,23200.768125,24069.06626953125,0.11618000755854609
2025-03-06,22544.69921875,22556.44921875,22245.849609375,22476.349609375,372100,0.009284847776867,22801.19765625,23176.658125,24069.14451171875,0.10433882484730671
2025-03-07,22552.5,22633.80078125,22464.75,22508.650390625,289800,0.00034601398645017767,22748.65517578125,23151.4401171875,24068.9180078125,0.1047678957978238
2025-03-10,22460.30078125,22676.75,22429.05078125,22521.849609375,293900,-0.004088203913091726,22693.67275390625,23127.748125,24066.381259765625,0.10480113458622826
2025-03-11,22497.900390625,22522.099609375,22314.69921875,22345.94921875,347900,0.0016740474556060647,22649.48779296875,23104.8101171875,24064.085263671874,0.1057153707489309
2025-03-12,22470.5,22577.400390625,22329.55078125,22536.349609375,369700,-0.0012179087892316698,22619.42275390625,23079.362109375,24061.775517578124,0.10390375670402172
2025-03-13,22397.19921875,22558.05078125,22377.349609375,22541.5,287500,-0.003262089461738671,22587.02021484375,23043.5330859375,24059.32076171875,0.09554574882159723
2025-03-17,22508.75,22577.0,22353.150390625,22353.150390625,251100,0.004980568336268254,22560.8876953125,23013.6130859375,24058.341015625,0.09807045050539709
2025-03-18,22834.30078125,22857.80078125,22599.19921875,22662.25,272600,0.01446329899483545,22556.140234375,22997.9780859375,24060.069267578125,0.11194423575451491
2025-03-19,22907.599609375,22940.69921875,22807.94921875,22874.94921875,324000,0.0032100316461272094,22553.54521484375,22981.9720703125,24061.95376953125,0.11159157601836207
2025-03-20,23190.650390625,23216.69921875,22973.94921875,23036.599609375,313700,0.012356195589090069,22565.8126953125,22972.00609375,24061.58751953125,0.11952961609870971
2025-03-21,23350.400390625,23402.69921875,23132.80078125,23168.25,541000,0.0068885519512889015,22586.6876953125,22968.4841015625,24068.917021484376,0.12145459942315535
2025-03-24,23658.349609375,23708.75,23433.5,23515.400390625,311900,0.013188177230298859,22623.94765625,22973.02109375,24074.107021484375,0.1285607134319309
2025-03-25,23668.650390625,23869.599609375,23601.400390625,23751.5,338200,0.00043539728764163677,22667.58515625,22984.6751171875,24078.343271484377,0.1283369693943883
2025-03-26,23486.849609375,23736.5,23451.69921875,23700.94921875,278600,-0.007681079328545448,22714.26015625,22990.89109375,24079.326767578124,0.13031418258137115
2025-03-27,23591.94921875,23646.44921875,23412.19921875,23433.94921875,510300,0.004474827877002596,22766.480078125,22998.46609375,24080.990517578124,0.12294848399163161
2025-03-28,23519.349609375,23649.19921875,23450.19921875,23600.400390625,295400,-0.0030773044101545244,22815.19501953125,23002.6170703125,24082.263017578123,0.12403468626721592
2025-04-01,23165.69921875,23565.150390625,23136.400390625,23341.099609375,314300,-0.015036571865236992,22867.24501953125,23001.8670703125,24081.476767578126,0.13735759208202203
2025-04-02,23332.349609375,23350.0,23158.44921875,23192.599609375,341000,0.0071938424586863725,22927.8974609375,23001.6190625,24081.144013671874,0.11778178346223231
2025-04-03,23250.099609375,23306.5,23145.80078125,23150.30078125,283200,-0.0035251486188494496,22986.269921875,23006.128046875,24080.066513671874,0.11930465906451986
2025-04-04,22904.44921875,23214.69921875,22857.44921875,23190.400390625,466800,-0.014866619775066536,23014.62734375,23001.1100390625,24076.7992578125,0.13296369090639687
2025-04-07,22161.599609375,22254.0,21743.650390625,21758.400390625,647100,-0.03243254628305536,22995.47236328125,22980.2350390625,24070.027255859375,0.17338984262472146
2025-04-08,22535.849609375,22697.19921875,22270.849609375,22446.75,468300,0.016887318902814252,22994.63984375,22969.108046875,24064.87150390625,0.18054769026018103
2025-04-09,22399.150390625,22468.69921875,22353.25,22460.30078125,383800,-0.006065856008070525,22991.58232421875,22960.508046875,24059.3617578125,0.18177434542655482
2025-04-11,22828.55078125,22923.900390625,22695.400390625,22695.400390625,402200,0.019170387409190415,23008.11484375,22957.9340625,24055.815263671873,0.19310833827552248
2025-04-15,23328.55078125,23368.349609375,23207.0,23368.349609375,388300,0.02190239778210845,23051.0173828125,22961.2430859375,24053.851513671874,0.20645428278712777
2025-04-16,23437.19921875,23452.19921875,23273.05078125,23344.099609375,348400,0.004657316201027051,23103.0173828125,22964.9970703125,24051.693505859374,0.20637214239845075
2025-04-17,23851.650390625,23872.349609375,23298.55078125,23401.849609375,505300,0.017683476937954135,23170.16240234375,22971.8620703125,24050.7292578125,0.21220227269208689
2025-04-21,24125.55078125,24189.55078125,23903.650390625,23949.150390625,406100,0.011483498464016417,23234.72490234375,22984.730078125,24051.304013671874,0.21412082280147873
2025-04-22,24167.25,24242.599609375,24072.0,24185.400390625,440900,0.0017284255654137493,23297.707421875,23000.8540625,24051.430517578126,0.21033793862503927
2025-04-23,24328.94921875,24359.30078125,24119.94921875,24357.599609375,415000,0.006690840652122221,23354.62236328125,23012.648046875,24052.456015625,0.21077084306825397
2025-04-24,24246.69921875,24347.849609375,24216.150390625,24277.900390625,358800,-0.0033807460922566923,23399.4373046875,23023.656015625,24052.25701171875,0.20896873780408032
2025-04-25,24039.349609375,24365.44921875,23847.849609375,24289.0,387700,-0.00855166336268387,23418.4873046875,23032.376015625,24050.9430078125,0.21143946846261966
2025-04-28,24328.5,24355.099609375,24054.05078125,24070.25,320500,0.012028211882747275,23451.47978515625,23047.74703125,24050.966259765624,0.21066625545437528
2025-04-29,24335.94921875,24457.650390625,24290.75,24370.69921875,357600,0.0003061930965739812,23493.934765625,23066.8340234375,24051.043251953124,0.21067430211830032
2025-04-30,24334.19921875,24396.150390625,24198.75,24342.05078125,424500,-7.191007773188485e-05,23531.047265625,23092.0819921875,24050.548251953125,0.20817161386759211
2025-05-02,24346.69921875,24589.150390625,24238.5,24311.900390625,421100,0.0005136803511647248,23572.41474609375,23118.1109765625,24050.659501953123,0.20797558883900782
2025-05-05,24461.150390625,24526.400390625,24400.650390625,24419.5,291500,0.004700890697612925,23637.1873046875,23146.7059765625,24051.3855078125,0.2075245398179502
2025-05-06,24379.599609375,24509.650390625,24331.80078125,24500.75,302400,-0.0033338898599493128,23689.5498046875,23175.71296875,24050.77275390625,0.19924728410713594
2025-05-07,24414.400390625,24449.599609375,24220.0,24233.30078125,330100,0.0014274549954715887,23747.76484375,23204.8109765625,24049.911259765624,0.19853948709812003
2025-05-08,24273.80078125,24447.25,24150.19921875,24431.5,411400,-0.005758880297096702,23816.232421875,23231.3809765625,24048.215263671875,0.1995046024744451
2025-05-09,24008.0,24164.25,23935.75,23935.75,335600,-0.0109501096942064,23908.55244140625,23252.88296875,24044.251015625,0.19572611528729403
2025-05-12,24924.69921875,24944.80078125,24378.849609375,24420.099609375,368700,0.038183073090219954,24027.994921875,23293.1139453125,24046.220009765624,0.1905573862947383
2025-05-13,24578.349609375,24973.80078125,24547.5,24864.05078125,423000,-0.01389583907654357,24136.9548828125,23328.7629296875,24046.5655078125,0.19745463049887063
2025-05-14,24666.900390625,24767.55078125,24535.55078125,24613.80078125,345500,0.0036027960647213586,24228.87236328125,23371.0339453125,24047.504755859376,0.19392202470629483
2025-05-15,25062.099609375,25116.25,24494.44921875,24694.44921875,500800,0.01602143814146184,24315.5498046875,23421.324921875,24050.74775390625,0.19124417204852365
2025-05-16,25019.80078125,25070.0,24953.05078125,25064.650390625,432700,-0.0016877607536591732,24394.6798828125,23470.819921875,24053.816259765626,0.18144095046533767
2025-05-19,24945.44921875,25062.94921875,24916.650390625,25005.349609375,255300,-0.0029717088137536374,24449.36982421875,23527.234921875,24054.3692578125,0.182695073468765
2025-05-20,24683.900390625,25010.349609375,24669.69921875,24996.19921875,414800,-0.010484831354666824,24477.2873046875,23578.5269140625,24053.60826171875,0.1802829322651845
2025-05-21,24813.44921875,24946.19921875,24685.349609375,24744.25,332700,0.00524831270888626,24509.597265625,23633.142890625,24053.38900390625,0.17728638706950692
2025-05-22,24609.69921875,24737.5,24462.400390625,24733.94921875,403300,-0.008211272774042211,24523.634765625,23678.590859375,24051.681748046874,0.18037000984565718
2025-05-23,24853.150390625,24909.05078125,24614.05078125,24639.5,270500,0.009892488718005854,24553.95732421875,23724.7598828125,24050.892998046875,0.18199325997586535
2025-05-26,25001.150390625,25079.19921875,24900.5,24919.349609375,302800,0.005954979456279652,24602.04736328125,23773.732890625,24052.31025390625,0.18198512386824148
2025-05-27,24826.19921875,25062.900390625,24704.099609375,24956.650390625,525700,-0.0069977248703164685,24626.93232421875,23821.050859375,24056.163251953127,0.180978135563622
2025-05-28,24752.44921875,24864.25,24737.05078125,24832.5,684400,-0.0029706520659956714,24647.75732421875,23866.1418359375,24059.962744140626,0.17750941328800027
2025-05-29,24833.599609375,24892.599609375,24677.30078125,24825.099609375,345400,0.003278479228775888,24672.72734375,23913.403828125,24062.6432421875,0.17768650923649815
2025-05-30,24750.69921875,24863.94921875,24717.400390625,24812.599609375,853900,-0.00333823496911434,24692.92734375,23960.473828125,24065.81173828125,0.17829938093924505
2025-06-02,24716.599609375,24754.400390625,24526.150390625,24669.69921875,311100,-0.0013777230725331435,24705.6998046875,24004.6308203125,24067.557236328124,0.17846701134659956
2025-06-03,24542.5,24845.099609375,24502.150390625,24786.30078125,349300,-0.007043833380258491,24713.84482421875,24038.7948046875,24068.534736328125,0.17984603319640174
2025-06-04,24620.19921875,24644.25,24530.44921875,24560.44921875,280900,0.003165904807986175,24724.134765625,24073.046796875,24070.940732421874,0.17963773453239465
2025-06-05,24750.900390625,24899.849609375,24613.099609375,24691.19921875,388400,0.005308696762106768,24747.98974609375,24104.251796875,24073.976484375,0.1803842150358237
2025-06-06,25003.05078125,25029.5,24671.44921875,24748.69921875,335600,0.01018752395450262,24797.74228515625,24137.3048046875,24076.285986328126,0.18162957077371297
2025-06-09,25103.19921875,25160.099609375,25077.150390625,25160.099609375,279200,0.004005448710087123,24806.66728515625,24166.201796875,24078.93873046875,0.17604443808644307
2025-06-10,25104.25,25199.30078125,25055.44921875,25196.05078125,307300,4.18584595869298e-05,24832.9623046875,24194.9137890625,24080.965732421875,0.11767797890514943
2025-06-11,25141.400390625,25222.400390625,25081.30078125,25134.150390625,301200,0.0014798446727146697,24856.6873046875,24228.0048046875,24082.82173828125,0.1056327123739141
2025-06-12,24888.19921875,25196.19921875,24825.900390625,25164.44921875,328300,-0.010071084662786611,24847.99228515625,24253.9298046875,24083.205234375,0.11198043693104785
2025-06-13,24718.599609375,24754.349609375,24473.0,24473.0,318700,-0.006814458847919758,24832.9322265625,24277.9148046875,24082.68248046875,0.09917661561081459
2025-06-16,24946.5,24967.099609375,24703.599609375,24732.349609375,305800,0.00921979376770854,24832.984765625,24313.5308203125,24082.361982421877,0.10476283365753541
2025-06-17,24853.400390625,24982.05078125,24813.69921875,24977.849609375,242400,-0.0037319707924959866,24841.459765625,24343.9518359375,24081.540234375,0.1050563750725879
2025-06-18,24812.05078125,24947.55078125,24750.44921875,24788.349609375,237600,-0.0016637405234334324,24841.38984375,24375.190859375,24080.338740234376,0.09835844981709073
2025-06-19,24793.25,24863.099609375,24733.400390625,24803.25,274600,-0.0007577278241026608,24850.5673828125,24412.966875,24078.545244140623,0.09671092199633902
2025-06-20,25112.400390625,25136.19921875,24783.650390625,24787.650390625,574700,0.01287247095983779,24863.5298828125,24471.982890625,24077.927744140627,0.10166502670970276
2025-06-23,24971.900390625,25057.0,24824.849609375,24939.75,248500,-0.0055948454872697395,24862.0673828125,24520.70390625,24076.39375,0.09867530522594886
2025-06-24,25044.349609375,25317.69921875,24999.69921875,25179.900390625,450200,0.0029012296868362597,24872.97490234375,24573.607890625,24075.21625,0.09700175907728528
2025-06-25,25244.75,25266.80078125,25125.05078125,25150.349609375,260600,0.008001820520425307,24897.58994140625,24621.931875,24075.44650390625,0.0970893008380543
2025-06-26,25549.0,25565.30078125,25259.900390625,25268.94921875,428900,0.012052010814129765,24933.3599609375,24666.340859375,24077.466005859376,0.10344878295779882
2025-06-27,25637.80078125,25654.19921875,25523.55078125,25576.650390625,564000,0.003475704773181043,24977.7150390625,24710.352890625,24081.3942578125,0.10349304121094531
2025-06-30,25517.05078125,25669.349609375,25473.30078125,25661.650390625,271000,-0.004709842354665206,25017.73759765625,24743.6608984375,24084.297509765624,0.10441247035609376
2025-07-01,25541.80078125,25593.400390625,25501.80078125,25551.349609375,260700,0.0009699396772837598,25067.70263671875,24771.9858984375,24086.801015625,0.10392021278498824
2025-07-02,25453.400390625,25608.099609375,25378.75,25588.30078125,309800,-0.0034610085397696055,25109.3626953125,24797.70890625,24089.475771484376,0.10086790993767936
2025-07-03,25405.30078125,25587.5,25384.349609375,25505.099609375,293400,-0.00188971251922454,25142.08271484375,24819.2359375,24089.5577734375,0.10149596988321882
2025-07-04,25461.0,25470.25,25331.650390625,25428.849609375,193500,0.0021924250859925998,25164.98017578125,24843.521953125,24090.0802734375,0.10059857108589754
2025-07-07,25461.30078125,25489.80078125,25407.25,25450.44921875,196100,1.1813410706551508e-05,25182.88525390625,24871.9609765625,24090.46802734375,0.09539795027388548
2025-07-08,25522.5,25548.05078125,25424.150390625,25427.849609375,210400,0.0024036171315751087,25203.79775390625,24895.8409765625,24090.9877734375,0.09489727598883908
2025-07-09,25476.099609375,25548.69921875,25424.349609375,25514.599609375,239100,-0.00181801902732881,25220.53271484375,24918.643984375,24091.480517578126,0.09530384029410564
2025-07-10,25355.25,25524.05078125,25340.44921875,25511.650390625,219600,-0.004743646446198069,25243.88525390625,24939.065,24091.177763671876,0.09709814482760572
2025-07-11,25149.849609375,25322.44921875,25129.0,25255.5,250000,-0.008100901810276007,25265.44775390625,24955.1280078125,24087.972265625,0.09462400787883513
2025-07-14,25082.30078125,25151.099609375,25001.94921875,25149.5,259500,-0.002685854157148504,25272.23779296875,24967.551015625,24083.688515625,0.09162796835430863
2025-07-15,25195.80078125,25245.19921875,25088.44921875,25089.5,241300,0.004525103218794291,25289.3578125,24983.8750390625,24079.965517578126,0.08748481972258661
2025-07-16,25212.05078125,25255.30078125,25121.05078125,25196.599609375,228800,0.0006449487413033861,25309.3578125,24999.828046875,24076.00501953125,0.08612794157744483
2025-07-17,25111.44921875,25238.349609375,25101.0,25230.75,243400,-0.003990217351728331,25325.2677734375,25016.581015625,24070.48201171875,0.08730031265417382
2025-07-18,24968.400390625,25144.599609375,24918.650390625,25108.55078125,317000,-0.0056965580472427835,25318.0677734375,25035.7890234375,24064.429267578125,0.08989576095589402
2025-07-21,25090.69921875,25111.400390625,24882.30078125,24999.0,305200,0.004898144302865282,25324.00771484375,25039.1090234375,24060.828515625,0.07954871607787127
2025-07-22,25060.900390625,25182.0,25035.55078125,25166.650390625,483700,-0.0011876443882732346,25324.83525390625,25048.7600390625,24057.148515625,0.07709055688289261
2025-07-23,25219.900390625,25233.5,25085.5,25139.349609375,271500,0.006344544590244583,25323.5927734375,25059.8200390625,24056.99751953125,0.07950661026737542
2025-07-24,25062.099609375,25246.25,25018.69921875,25243.30078125,338700,-0.006256994627491075,25299.24775390625,25059.8200390625,24057.23501953125,0.07752199087546446
2025-07-25,24837.0,25010.349609375,24806.349609375,25010.349609375,278100,-0.008981674037030651,25259.20771484375,25056.1640234375,24057.44126953125,0.06894384173437419
2025-07-28,24680.900390625,24889.19921875,24646.599609375,24782.44921875,262100,-0.006284962329387578,25217.4001953125,25050.873046875,24055.78001953125,0.06865109935053039
2025-07-29,24821.099609375,24847.150390625,24598.599609375,24609.650390625,284700,0.005680474234370125,25181.36513671875,25053.61703125,24054.975771484376,0.07243467326316697
2025-07-30,24855.05078125,24902.30078125,24771.94921875,24890.400390625,243900,0.001367835124523431,25151.44765625,25054.4490625,24054.258779296873,0.0726051141147168
2025-07-31,24768.349609375,24956.5,24635.0,24642.25,346300,-0.0034882717656889994,25119.60009765625,25057.6220703125,24053.27927734375,0.07261546040024541
2025-08-01,24565.349609375,24784.150390625,24535.05078125,24734.900390625,263400,-0.008195943742782208,25074.817578125,25051.8660546875,24050.466279296874,0.07645778535337884
2025-08-04,24722.75,24736.25,24554.0,24596.05078125,259300,0.006407415043054421,25037.8900390625,25046.298046875,24048.79328125,0.08037788606863047
2025-08-05,24649.55078125,24733.099609375,24590.30078125,24720.25,251800,-0.0029608040671041946,24994.242578125,25042.765078125,24047.18453125,0.0803852372455204
2025-08-06,24574.19921875,24671.400390625,24539.19921875,24641.349609375,225100,-0.003056914228121266,24949.14755859375,25039.200078125,24046.306279296874,0.07923621441949862
2025-08-07,24596.150390625,24634.19921875,24344.150390625,24464.19921875,616700,0.0008932609229541644,24911.192578125,25034.45109375,24045.01677734375,0.07977871292477225
2025-08-08,24363.30078125,24585.5,24337.5,24544.25,312600,-0.009466912735407229,24871.86513671875,25026.703125,24042.927783203126,0.08366205794567902
2025-08-11,24585.05078125,24600.849609375,24347.44921875,24371.5,241100,0.009101804471857822,24847.00263671875,25024.0721484375,24043.4925390625,0.08863428108950272
2025-08-12,24487.400390625,24702.599609375,24465.650390625,24563.349609375,237000,-0.003971941790719136,24811.5826171875,25022.97015625,24043.752041015625,0.08904143746155724
2025-08-13,24619.349609375,24664.55078125,24535.25,24586.19921875,236000,0.005388453516712133,24781.94755859375,25022.9531640625,24044.851787109375,0.08977917493351621
2025-08-14,24631.30078125,24673.650390625,24596.900390625,24607.25,270200,0.00048543816407109475,24757.94013671875,25020.561171875,24047.104287109374,0.08974211162000344
2025-08-18,24876.94921875,25022.0,24852.849609375,24938.19921875,363100,0.009973019276634965,24753.367578125,25018.039140625,24049.79328125,0.09682027469143033
2025-08-19,24980.650390625,25012.650390625,24873.94921875,24891.349609375,252300,0.004168564680625764,24747.86513671875,25015.5881640625,24052.36228515625,0.09608581358116941
2025-08-20,25050.55078125,25088.69921875,24929.69921875,24965.80078125,287100,0.0027981813736617234,24747.34765625,25014.5141796875,24055.910791015624,0.09501766050949521
2025-08-21,25132.94921875,25145.69921875,25054.900390625,25142.0,0,0.003289286459987606,24743.00009765625,25014.34515625,24060.5487890625,0.09561150798809148
